name,price,status,shipping,free_returns,items_sold
"XFX Radeon RX 470 4GB RS XXX Edition GPU | 1yr Warranty, Fast Ship!",3995,Good - Refurbished ·,0,True,723
NVIDIA TESLA P100 16GB HBM2 Graphics Video Card GPU 699-2H400-0201,8799,Pre-Owned ·,,False,192
NVIDIA Tesla M40 12GB GDDR5 Graphic Card with custom heatsink and three fans,5500,Pre-Owned ·,2000,False,67
Nvidia Tesla P4 8GB GPU Card graphics both brackets GDDR5 900-2G414-6300-000 US,11177,Open Box ·,0,False,86
ASUS Dual Radeon RX 6600 XT OC 8GB GDDR6 Graphics Card,16550,,,False,
XFX Speedster SWFT210 AMD Radeon RX 6600 8GB GDDR6 - Graphics Card  - GPU,14000,,,False,
EVGA GeForce RTX 3070 XC3 Ultra Gaming 8GB GDDR6 Graphics Card - GPU,18300,,,False,
PNY VCNT1000-PB Nvidia T1000 4x Mini DP 4GB GDDR6 PCIe 3.0 x16 Graphics Card GPU,16250,,,False,
NVIDIA GeFORCE GTX 970 FOUNDERS EDITION PC Graphics Card,1650,,,False,
"EVGA GeForce RTX 3060 Ti FTW3 ULTRA 8GB GPU Video Card - 08G-P5-3667-KR, Non-LHR",14250,,,False,
GTX 1060 3GB Graphics Card. Never Used For Mining,1050,,,False,
AISURIX RX 550 4GB GDDR5 Graphics Card,1850,,,False,
NVIDIA TESLA P100 16GB HBM2 Graphics Video Card GPU 699-2H400-0201,8997,Pre-Owned ·,,True,441
Nvidia Tesla P100 16GB Graphics Video Card PCIE - USA Seller Guaranteed!,8697,Pre-Owned ·,0,False,522
Nvidia Tesla P40 24GB GDDR5 Server GPU Server Accelerator Card Dual PCIe 3.0 x16,26900,Pre-Owned ·,,False,700
Intel ARC A750 21P02J00BA Limited Edition 8GB GDDR6 PCIe 4.0 Graphic Card,15999,Seller Refurbished - Fully Tested - 3 Year Warranty,,True,432
XFX Radeon RX 470 8GB GDDR5 RX-470P85 Video Graphics Card GPU GradeB,5999,Pre-Owned ·,,True,66
Nvidia Tesla P4 8GB graphics GDDR5 Supermicro PCI-E GPU Card,7288,Open Box,500,False,313
Nvidia Tesla P4 8GB GPU Card graphics card GDDR5 Supermicro 900-2G414-6300-000,6788,Open Box,500,False,207
Dell NVIDIA Tesla K80 HHCJ6 24GB GDDR5 GPU Accelerator Card | NO BRACKET,6498,Pre-Owned,,True,
AMD 102-D05318-02 V340L RADEON PRO 16GB GPU (2x8GB) GPU,4900,Pre-Owned ·,,True,372
New ListingEVGA GeForce GTX 1060 6GB GDDR5 PCIe Graphics Card HDMI DisplayPort DVI,6500,Pre-Owned ·,662,False,
"Nvidia P104-100 GTX 8GB Mining GPU (GeForce G100 Galax) | Fast Ship, US Seller!",3500,Pre-Owned ·,883,False,
AMD Radeon R7 250 2GB PCIE DVI DP Video Card,3499,Pre-Owned ·,0,False,
NVIDIA 699-2G503-0202-200 V100 16GB SXM2 TESLA GPU,9900,Pre-Owned ·,,True,282
Nvidia Tesla M40 24GB GPU Card GDDR5 PCI-E Graphics video cards,14588,Pre-Owned ·,,True,
GIGABYTE GTX 980 G1 Gaming GPU | Model GV-N980G1-GAMING-4GD | Tested & Working,4200,Pre-Owned ·,1518,False,
Dell NVIDIA Tesla K80 HHCJ6 24GB GDDR5 GPU Accelerator Card,7498,Pre-Owned,,True,
EVGA NVIDIA GeForce GTX 570 GPU w/ Zalman VF3000F Cooler - Serviced & Tested,5999,Pre-Owned ·,,True,
Nvidia Tesla M10 32GB GDDR5 Video Graphics Card GPU,7898,Pre-Owned ·,,False,
New ListingAMD 102-D05318-02 V340L RADEON PRO 16GB GPU (2x8GB) GPU,4900,Pre-Owned ·,,True,
ASUS NVIDIA GeForce  GTX 960 4GB  GDDR5 Gaming Graphics Card,3999,Pre-Owned ·,1368,False,
HP AMD R9 350 Radeon 2GB GDDR5 Graphics Video Card GPU 802317-001 823963-001,1898,Pre-Owned ·,,True,
ASUS DUAL-RTX4060TI-O8G-EVO Dual GeForce RTX 4060 Ti 8G  Graphc Card GPU,29999,Pre-Owned ·,,False,
Intel ARC A750 Limited Edition 8GB GDDR6 PCIe 4.0 GPU Graphics Card - 21P02J00BA,16795,Open Box ·,,False,
ASUS Strix GTX 970 DirectCU II OC 4GB GDDR5 Graphics Card GPU - TESTED & WORKING,3500,Pre-Owned ·,994,True,
XFX AMD Radeon Graphics Card Dual Fan HDMI DVI DisplayPort Multi Monitor,15000,Pre-Owned ·,926,False,
Razer Core X External GPU Enclosure RC21-0131 UNTESTED AS-IS,17500,Pre-Owned ·,0,False,
New ListingZOTAC GEFORCE GTX 1070TI MINI 8GB 256BIT GDDR5 GPU graphics card,8999,Pre-Owned ·,741,False,
AMD Radeon RX Vega 56 8GB GRAPHICS CARD GPU - Reference Edition,8499,Pre-Owned ·,883,False,
New ListingMSI AMD Radeon RX 6600 MECH 2X 8GB GDDR6 Graphics Card Tested Working GPU,18999,Pre-Owned ·,1000,False,
HP AMD Radeon RX 460 2GB GDDR5 Video Graphics Card GPU 910486-002 909607-001,3599,Pre-Owned ·,,True,
"XFX Radeon RX 480 8GB Reference Model GPU | 1yr Warranty, Fast Ship!",6995,Very Good - Refurbished ·,0,True,119
ZOTAC GAMING GeForce RTX 5060 AMP 8GB GDDR7 PCI Express 5.0 Video Graphics Card,34900,Excellent - Refurbished ·,,True,
"MSI Radeon RX 5700 8GB Mech GP OC GPU - No Backplate | 1yr Warranty, Fast Ship!",14497,Excellent - Refurbished ·,0,True,
PNY NVIDIA RTX A400 4GB GDDR6 Graphics Card 900-5G172-2260-000-01,18995,Brand New ·,,True,63
"NVIDIA GeForce GTX 980 Ti 6GB Founders Edition, Tested, New Thermal Paste",9000,Pre-Owned ·,752,False,
Blackmagic Design eGPU RX580 8GB GDDR5 External GPU Graphics - Very light used,19999,Pre-Owned ·,3625,True,
AMD FirePro W7100 8GB GDDR5 Workstation GPU 4x DisplayPort,5500,Pre-Owned ·,,False,
"AMD Radeon RX 640 4GB LP Low Profile Dell 6044M GPU | 1yr Warranty, Fast Ship!",5995,Excellent - Refurbished ·,0,True,198
MSI G3050LP6C GeForce RTX 3050 LP 6G OC Low Profile 6GB GDDR6 Graphics Card,24999,Brand New ·,,False,48
Lenovo AMD Radeon Pro WX 3200 4GB GDDR5 4x Mini DisplayPort GPU 5V10W72854,4999,Pre-Owned ·,0,False,207
SAPPHIRE PULSE AMD Radeon RX 6600 8GB GDDR6 Graphics Card,20000,Pre-Owned ·,1338,False,11
Low-Profile Nvidia Tesla P4 8GB GPU Card graphics GDDR5 Supermicro PCI-E,7470,Open Box,500,False,242
"MSI Radeon RX 470 8GB Armor Graphics Card GPU - DVI Port Only | Fast Ship, US...",4497,Pre-Owned ·,0,True,
Nvidia A10G 24GB GPU GDDR6 Graphics Card Passive Cooler Tensor Accelerator,138997,Pre-Owned ·,,False,42
PowerColor AMD Radeon 550 2GB GDDR5 GPU Graphics Card *NEW_DAMAGED BOX*,4949,Open Box ·,0,True,
PNY DUAL FAN OC GeForce RTX 5060 Ti 16GB GDDR7 PCI Express 5.0 x8 Graphics Card,50299,"Shop With Confidence, Buy From Newegg",,True,
Nvidia Tesla P4 8GB GPU Card graphics GDDR5 Supermicro PCI-E,6639,Open Box,500,False,
PNY NVIDIA Quadro K620 2GB GDDR3 Video Graphics Card GPU Full Height,1577,Excellent - Refurbished ·,0,True,
ZOTAC GAMING GEFORCE RTX 4060 8GB GDDR6 TWIN EDGE VIDEO CARD,28400,Excellent - Refurbished ·,,True,412
Nvidia Tesla A2 16GB GDDR6 PCIe 4.0 x8 GPU AI Accelerator Card Low Profile,50495,Excellent - Refurbished ·,0,True,
HP AMD Radeon RX 550 2GB GDDR5 Graphics Video Card GPU 940269-001,2900,Pre-Owned ·,980,False,
AMD Radeon RX 550 4GB GDDR5 Graphics Card for Gaming & Office PCs,4795,Pre-Owned ·,,False,104
Dell AMD Radeon Pro WX 3200 4GB GDDR5 R99GK Low Profile Desktop Graphics Card,6095,Pre-Owned ·,0,True,
ZOTAC Gaming GeForce RTX 4060 - 8GB Twin Edge Graphics Card GPU - Great Cond,26999,Pre-Owned ·,1299,False,
"Radeon Graphics Card, with 4 HDMI Monitor Graphics Card,Computer PC GPU GDDR5...",19747,Brand New ·,0,True,
NVIDIA P106-100 6GB GDDR5 192-Bit PCI-E Mining/Ai/Rendering GPU Card,4499,Pre-Owned ·,0,False,
"Radeon Graphics Card, with 4 HDMI Monitor Graphics Card,Computer PC GPU GDDR5...",19747,Brand New ·,0,True,
NVIDIA P106-100 6GB GDDR5 192-Bit PCI-E Mining/Ai/Rendering GPU Card,4499,Pre-Owned ·,0,False,
👉Nvidia Tesla Cooling Shroud P40/41 P100 V100 K80 K60 M40 GPU Accelerator Cards,3797,Brand New,0,True,
NVIDIA Tesla M60 16GB GDDR5 PCIe GPU Server Graphics Card,5999,Pre-Owned ·,1207,True,
"MSI Radeon RX 470 8GB Armor Graphics Card GPU - DVI Port Only | Fast Ship, US...",4497,Pre-Owned ·,0,True,
AsRock AMD APU BC-250 Mining/PS5 GPU Card 16GB GDDR6 MEMORY,17999,Pre-Owned ·,1495,True,
Nvidia Tesla P4 8GB GPU Card graphics GDDR5 Supermicro PCI-E,6639,Open Box,500,False,
New ListingGigabyte AMD Radeon HD 7950 (GV-R795WF3-3GD) 3GB GDDR5 Graphics Card,3495,Pre-Owned ·,,False,
Graphics Card GPU Support Bracket: GPU Sag Bracket Video Card Stand GPU Holder G,977,Brand New,,True,54
"MSI Radeon RX 5700 8GB Mech GP OC GPU - No Backplate | 1yr Warranty, Fast Ship!",14497,Excellent - Refurbished ·,0,True,
MSI Radeon R7 240 2GB GDDR3 Graphics Video Card R7-240 PCIe GPU,2699,Pre-Owned ·,0,False,
"Zotac P106-090 3GB Mining GPU Single Fan | Fast Ship, US Seller!",2497,Pre-Owned,0,True,
XFX Radeon RX 570 RS Black Edition 8GB GDDR5 Graphics Card AX-570P8D w/Box,5999,Pre-Owned ·,984,False,
New ListingGIGABYTE AERO OC GeForce RTX 4060 Ti 8GB RGB Fusion Windforce Multi Monitor GPU,35500,Pre-Owned ·,1033,False,
AMD Radeon R9 290X 4GB GDDR5 PCIe Graphics Card DVI HDMI DP GPU For Desktop,6049,Pre-Owned ·,1495,False,
MSI GeForce  4GB (GTX 1050 Ti 4GT OC) Graphics Card GPU Nvidia Overclock,7498,Pre-Owned ·,0,False,
Graphics Card GPU Support Bracket: GPU Sag Bracket Video Card Stand GPU Holder G,644,Brand New,0,False,11
NVIDIA Quadro P2000 5GB GDDR5 4x DisplayPort GPU Video Graphics Card Dell 87CG5,7997,Very Good - Refurbished ·,0,True,32
AMD FirePro W5100 4GB GDDR5 PCIe x16 4xDisplayPort GPU,2499,Pre-Owned ·,0,True,
TCTP1 DELL NVIDIA TESLA K40 12GB GDDR5 GPU GRAPHICS CARD,4999,Pre-Owned ·,0,False,
New ListingGigabyte HD 6950 1GB Windforce GPU (GV-R695OC-1GD),2000,Pre-Owned ·,883,False,
New ListingAMD Radeon PRO W5500 8GB GDDR6 4X DP GPU Graphics Dell 093J65 -Tested!,10000,Pre-Owned ·,0,False,
Nvidia GeForce Titan X Pascal 12GB GDDR5X GPU Card 900-1G611-2500-000 - TESTED,17500,Pre-Owned ·,0,True,
XFX Radeon RX 550 2GB DD GDDR5 RX-550P2D Video Graphics Card GPU,2500,Pre-Owned ·,1764,False,
Dell H56H0 Nvidia Tesla M10 32GB M10 GPU Passive x16 Graphics Accelerator Card,9499,Pre-Owned ·,,False,
Nvidia Kepler Grid K520 8GB GDDR5 PCIe x16 GPU Graphics Card 900-12055-0020-000,3399,Pre-Owned ·,0,True,
NVIDIA Tesla P100 12Gb GDDR5 GPU - Great for AI! Choose Power Cable (If needed),9500,Pre-Owned,0,True,
P4 8GB Nvidia Tesla P4 8GB GPU Card graphics GDDR5 Supermicro PCI-E US Seller,11177,Open Box ·,0,False,192
ASUS GeForce GTX 1080 Ti 11GB GDDR5X Graphics Card-Working-Tested,16800,Pre-Owned ·,752,False,
NVIDIA GeForce GTX 970 4GB GPU Graphics Card,4999,Pre-Owned ·,1033,False,
NVIDIA Gigabyte 1660 Super GPU 6GB,9900,Pre-Owned ·,1312,False,
NVIDIA GeForce GTX TITAN XP Star Wars 12GB GDDR5X GPU Read Decription,17999,Pre-Owned ·,,True,16
GIGABYTE NVIDIA GeForce GTX 750 Ti 2GB GDDR5 Low Profile Full Height GPU,4999,Pre-Owned ·,1368,False,
Nvidia Quadro K2200 4GB GDDR5 Graphics Video Card GPU 2x Display Port 1x DVI-D,2999,Pre-Owned ·,,True,
Nvidia A10G 24GB GPU GDDR6 Graphics Card Passive Cooler Tensor Accelerator,138997,Pre-Owned ·,,False,42
NVIDIA QUADRO K5000 4GB GDDR5 GPU SKU 23664,3499,Pre-Owned ·,0,True,
AMD BARCO MXRT 6700 8GB GDDR5 Graphics Video Card GPU,8998,Pre-Owned ·,,True,
NVIDIA Tesla P4 8GB GDDR5 PCIe GPU Graphics Accelerator,11900,Pre-Owned ·,,True,
"BFG Nvidia GeForce 7800 GS OC, 256MB GDDR3, AGP Graphics Card. (BFGR78256GSOC)",14000,Pre-Owned ·,1764,False,
NVIDIA Automotive PG189 TU104-500-A1 GDDR6 GPU P/N: 900-6G189-0010-310 Tested,14999,Pre-Owned ·,0,True,
"XFX Radeon RX 470 8GB RS GDDR5 GPU | 1yr Warranty, Fast Ship!",6497,Good - Refurbished ·,0,True,260
New ListingAsRock Radeon RX 5600 XT Challenger 6GB GDDR6 Graphics Card RX5600XT CLD 6G0,11999,Pre-Owned ·,0,True,
New ListingGigabyte GTX 660 GV-N660OC-2GD 2GB GDDR5 Graphics Card,2499,Pre-Owned ·,795,False,
Nvidia Quadro K2200 4GB GDDR5 2x Display Port 1x DVI GPU - Tested,2100,Pre-Owned ·,944,False,
Nvidia GeForce GTX 745 4GB Low profile or full height Graphics Card GPU GDDR3,5499,Very Good - Refurbished,0,True,
New ListingMSI AMD Radeon RX 6600 MECH 2X 8GB GDDR6 Graphics Card Tested Working GPU,18999,Pre-Owned ·,1000,False,
Nvidia TESLA K40 699-22081-0202-200 H 12GB GDDR5 GPU Accelerator Card LOT of -3-,6900,Pre-Owned ·,0,False,41
"ATI Radeon X1800GTO PCIE 256M Vintage PCIe Video Card - DVI, S-Video",1995,Pre-Owned ·,,False,
Graphics Card GPU Support Bracket: GPU Sag Bracket Video Card Stand GPU Holder G,458,Brand New ·,0,False,
NVIDIA Tesla K20X 6GB Kepler GPU Graphics Server Accelerator 900-22081-0330-000,2099,Pre-Owned ·,,True,113
"GPU Support Bracket, Graphics Card Support, GPU Brace, Video Card Holder Bracket",1688,Brand New,0,True,13
AMD FirePro S9300 X2 8GB HBM FirePro S9300 X2 Video Graphics Accelerator Card,2999,Excellent - Refurbished ·,,True,60
EVGA NVIDIA GeForce GTX TITAN 6GB GDDR5 PCIe 3.0x16 Graphics Card 06G-P4-2790-KR,7998,Pre-Owned ·,0,False,
Lenovo AMD Radeon R520 2GB DDR5 x2 DP 01YW868 Graphics Card GPU,1998,Pre-Owned ·,,True,
"Gigabyte Nvidia P104-100 8GB Mining GPU (GTX 1080 Hashrate) | Fast Ship, US S...",4497,Pre-Owned,0,True,269
*New*Nvidia Tesla P4 8GB GPU Card graphics GDDR5 Supermicro PCI-E US Seller,11999,Brand New ·,0,False,30
MSI NVIDIA GeForce RTX 2070 8GB GDDR6 Graphics Card (RTX2070ARMOR8G),15000,Pre-Owned ·,1041,False,
MSI G3050LP6C GeForce RTX 3050 LP 6G OC Low Profile 6GB GDDR6 Graphics Card,19900,Brand New ·,0,False,6
RARE Tested OEM NVIDIA GeForce GTX 260 896MB PCIe x16 Graphics Video Card GPU,5999,Pre-Owned ·,1525,False,
Nvidia Geforce 3080M 8gb Mobile PCIE GPU - Learning / AI / Mining,24999,Pre-Owned ·,1358,False,
NVIDIA P106-100 6GB GDDR5 Mining GPU – GTX 1060 – PCIe – Tested Working,2899,Pre-Owned ·,1850,False,
RARE Tested OEM NVIDIA GeForce GTX 260 896MB PCIe x16 Graphics Video Card GPU,5999,Pre-Owned ·,1525,False,
New GT210 PCIE X1 1GB Support PCIE X4 / X8 / X16 Graphics Slot Video Card GPU,6109,Brand New ·,0,True,
PNY NVIDIA RTX A4500 20GB GDDR6 PCIe 4.0 x16 Graphics VCNRTXA4500-PB Exc 1 Year,94994,Excellent - Refurbished ·,,True,6
Nvidia 90HX CMP 10GB Ai GPU  - Same Business Day Shipping,15994,Pre-Owned ·,1685,False,
GIGABYTE NVIDIA GeForce GTX 750 Ti 2GB GDDR5 Low Profile Full Height GPU,4999,Pre-Owned ·,1368,False,
"MSI GeForce GTX 1070 8GB Aero ITX GPU | 1yr Warranty, Fast Ship!",11997,Very Good - Refurbished ·,0,True,
NVIDIA CMP 170HX 10GB Mining Card GPU 164MH/s PCIe PCI-Express 4.0 x4,19500,Pre-Owned ·,0,False,15
Nvidia Tesla GPU Cooling Fan Shroud Mounting K60 M40 P100 Accelerator Card. AI,2998,Brand New,0,True,
"Zotac P106-090 3GB Mining GPU Single Fan | Fast Ship, US Seller!",2497,Pre-Owned,0,True,
XFX Radeon RX 580 8GB GDDR5 Graphics Card – Tested Working – Gaming GPU,6000,Pre-Owned ·,607,False,
Nvidia Kepler Grid K520 8GB GDDR5 PCIe x16 GPU Graphics Card 900-12055-0020-000,3399,Pre-Owned ·,0,True,
HP Nvidia Tesla M60 16GB GDDR5 Graphics Accelerator Card GPU 820178-001 816492,5488,Pre-Owned ·,,True,
XFX Radeon RX 570 8GB GDDR5 Graphics Card HDMI DVI DisplayPort Gaming GPU,7000,Pre-Owned ·,1207,False,
"Compatible with GIGABYTE Geforce RTX 5060 OC Low Profile 8G Graphics Card, Cu...",10181,Brand New,0,True,
Nvidia Tesla GPU Cooling Fan Shroud Mounting K60 M40 P100 Accelerator Card AI,3897,Brand New,0,True,
NVIDIA Quadro P4000 8GB GDDR5 105W Graphics Card GPU with HP Bracket 320-5001,16999,Pre-Owned ·,0,False,
EVGA GeForce RTX 3080 FTW3 ULTRA GAMING 10GB GDDR6X GPU 10G-P5-3897-KL,37500,Pre-Owned ·,0,True,
"Nvidia Quadro T1000 8GB Low Profile GPU | 1yr Warranty, Fast Ship!",27997,Excellent - Refurbished ·,0,True,
XFX Radeon RX 550 2GB DD GDDR5 RX-550P2D Video Graphics Card GPU,2500,Pre-Owned ·,1764,False,
"GPU Support Bracket, Graphics Card Support, GPU Brace, Video Card Holder Bracket",1688,Brand New,0,True,13
New ListingNVIDIA GeForce GTX 1060 3GB OEM Blower Graphics Card HDMI DP DVI Tested Working,5999,Pre-Owned ·,0,False,
Nvidia Quadro K420 2GB PCIe x16 GDDR3 Video Card GPU 0PKJT 818244-001,1188,Pre-Owned ·,0,False,
NVIDIA Tesla V100 SXM2 32GB GPU Accelerator V100-SXM2-32GB,55900,Pre-Owned ·,,True,62
NVIDIA 699-2G503-0280-200 V100 PG503 32GB SXM2 TESLA GPU - V100-SXM2-32GB-LS,52900,Pre-Owned ·,,True,
New Listing102D0513300 AMD INSTINCT MI25 16G GPU (HBM2 PCIE 3.0),7700,Pre-Owned ·,,True,
"Sapphire GPro X080 10GB Mining GPU | 1yr Warranty, Fast Ship!",13997,Excellent - Refurbished,0,True,46
NVIDIA Tesla P4 8GB GDDR5 PCIe GPU Graphics Accelerator,11900,Pre-Owned ·,,True,
Set Of 5 Graphics Cards Gpu Mining Gaming High Performance (Brand) (Model,21430,Pre-Owned,0,True,
New ListingAsus Nvidia GeForce GT 1030 2GB GDDR5 Graphics Video Card GPU GT1030-2G-CSM Lot2,12000,Pre-Owned ·,0,False,
RX 580 8GB GDDR5 256 Bit GPU PCIE 3.0 Dual Fan Cooling Gaming Video Card Black,10012,Open Box,,True,
New ATI/AMD Radeon 9600XT 128MB AGP Graphics Card GPU In Box All Cables Win 98,14900,Open Box ·,0,False,
AMD Radeon MS-V346 R7 450 GPU 4GB DDR5 Low Profile Graphics Card E32-0405370-C24,3400,Pre-Owned ·,0,False,
"ASUS ROG Strix GeForce RTX® 4090 OC Edition Gaming Graphics Card (PCIe 4.0, 24GB",38000,Brand New ·,0,False,
PNY VCNT1000-PB Nvidia T1000 4x Mini DP 4GB GDDR6 PCIe 3.0 x16 Graphics Card GPU,16250,Pre-Owned ·,994,False,
EVGA NVIDIA GeForce GTX 1070 SC ACX 3.0Graphic Card GPU 08G-P4-6173-KR 8GB GDDR5,9000,Pre-Owned ·,0,False,
"MSI Radeon RX 580 8GB Reference Blower GPU | 1yr Warranty, Fast Ship!",10997,Excellent - Refurbished ·,0,True,
"195mm/7.67"" Graphics Card GPU Brace GPU Stand Video Card Sag Holder",1279,Brand New,0,True,
SAPPHIRE PULSE AMD Radeon RX 6600 8GB GDDR6 Graphics Card,20000,Pre-Owned ·,1338,False,11
New ListingMSI GTX 1060 6GB OCV1 Graphics Card – Tested Working – HDMI DP DVI – Clean,8000,Pre-Owned ·,0,True,
AMD Radeon Instinct MI50 16GB HBM2 PCIe 4.0 GPU for AI and Compute Acceleration,14025,Pre-Owned ·,0,False,
"Nvidia RTX A4000 16GB GDDR6 Professional GPU | 1yr Warranty, Fast Ship!",97995,Excellent - Refurbished ·,0,True,717
Nvidia Quadro K2200 4GB GDDR5 Graphics Video Card GPU 2x Display Port 1x DVI-D,2999,Pre-Owned ·,,True,
Gigabyte GeForce GT 1030 OC 2G Graphics Card GPU GV-N1030OC-2GI 2GB GDDR5 Works,4499,Pre-Owned ·,1220,False,
AMD BARCO MXRT 6700 8GB GDDR5 Graphics Video Card GPU,8998,Pre-Owned ·,,True,
VisionTek Radeon 7870 2GB Eyefinity 6 Graphics Card - 900548,2500,Pre-Owned ·,,False,
Nvidia Tesla P40 24GB GPU Card GDDR5 PCI-E KM3C2 Graphics Video Cards,28943,Open Box ·,0,False,51
NVIDIA Quadro P2000 5GB GDDR5 4x DisplayPort GPU Video Graphics Card Dell 87CG5,7997,Very Good - Refurbished ·,0,True,32
XFX AMD Radeon RX Vega 56 8GB HBM2 GPU Graphics Card PC Gaming,7998,Pre-Owned ·,752,False,
HP Nvidia Quadro K2200 4GB GDDR5 Graphics GPU,2899,Pre-Owned ·,0,False,
NVIDIA Tesla M10 32GB GDDR5 Quad-GPU Server Accelerator w/ EPS Power Cable,7498,Pre-Owned ·,0,False,
"New ListingMSI GeForce RTX 2070 Super Gaming X Trio 8GB Graphics Card GPU + XPG,PARTS ONLY",19998,Parts Only ·,2410,False,
NVIDIA GeForce GTX 745 2 GB GDDR5 Full Height Graphics GPU Card,3000,Pre-Owned ·,0,True,
New ListingNVIDIA GeForce GTX TITAN X 12GB GDDR5 Graphics Card 12G-P4-2990-BR,11499,Pre-Owned ·,0,True,
New ListingAsRock Radeon RX 5600 XT Challenger 6GB GDDR6 Graphics Card RX5600XT CLD 6G0,11999,Pre-Owned ·,0,True,
"Nvidia RTX 3060 Ti 8GB Passive Server GPU, Dual Slot, Zotac",19900,Pre-Owned ·,0,False,
XFX GeForce GTX 285 1GB PCIE GPU,8000,Pre-Owned ·,2000,False,
"Nvidia CMP 170HX 10GB HBM2 Mining GPU | 1yr Warranty, US Seller!",22997,Excellent - Refurbished,0,True,
Gigabyte AORUS GeForce RTX 3070 8GB GDDR6 Triple Fan GPU Graphics Card 37224,24500,Pre-Owned ·,1730,False,
RARE Tested GOOD - BFG NVIDIA GeForce GTX 275 PCIe 896MB Graphics Video Card GPU,5995,Pre-Owned ·,0,False,
NVIDIA GeForce GTX 780 3GB GDDR5 Graphics Video Card GPU,4699,Pre-Owned ·,886,True,
Dell GeForce RTX 2060 6GB GDDR6 PCIe 3.0 x16 Graphics Card,15000,Pre-Owned ·,752,False,
NVIDIA GTX TITAN 6GB Reference GPU —tested Works! Great 4 CUDA or AI Workstation,7423,Pre-Owned ·,883,False,
AMD Radeon Pro WX2100 WX 2100 2GB GDDR5 Graphics Video Card GPU,2200,Pre-Owned ·,1645,False,
HP AMD Radeon RX 550 2GB GDDR5 Graphics Video Card GPU 940269-001,2900,Pre-Owned ·,980,False,
GIGABYTE GEFORCE GTX 770 GV-N770OC-4GD 4GB GDDR5 GPU SKU 20910,4499,Pre-Owned ·,0,True,
Nvidia Tesla P100 Cisco UCSC-GPU-P100-12G 12GB Graphics Card,8999,Pre-Owned ·,0,True,
AMD Radeon RX Vega 64 8GB HBM2 Blower GPU 3xDP HDMI GPuTach,9495,Pre-Owned ·,952,False,
New ListingCrypto Mining Rig - Supports 13 GPU's - Includes 6 NVIDIA Geforce RTX 3060Ti,267600,Open Box ·,4404,False,
NVIDIA GeForce GTX 1650 Super 4GB GDDR6 Graphics Card GPU - Tested & Working,8000,Pre-Owned ·,752,False,
NVIDIA Tesla P100 12Gb GPU - Get Your AI On! PNs 01V86H 1V86H 699-2H400-0202-500,8000,Pre-Owned ·,0,True,
ASRock Challenger Arc A380 6GB GDDR6 PCI Express 4.0 ITX Video Graphics Card ...,14699,"Shop With Confidence, Buy From Newegg",,True,
NVIDIA GeForce RTX 3070 Founders Edition 8GB GDDR6 Video Graphics Card GA104 GPU,28000,Pre-Owned ·,0,True,
R7 350 HD 7750 6 HDMI Video Card 4GB GDDR5 GPU Video Card for Stock Trading,18999,Brand New ·,,False,
GIGABYTE Eagle GeForce RTX 3060 Ti Rev 2.0 8GB GPU,23995,Pre-Owned ·,1755,False,
XFX Radeon R9 280X 3GB GDDR5 Dual Fan GPU Graphics Card,3800,Pre-Owned ·,950,False,
ZOTAC GAMING GEFORCE RTX 4070 SUPER 12GB GDDR6X TWIN EDGE VIDEO Graphics CARD,55900,Excellent - Refurbished ·,,True,
"Nvidia RTX 3080 10GB Passive Server GPU, Dual Slot, Zotac",29900,Pre-Owned ·,0,False,
"Galax Nvidia P104-100 8GB Mining GPU (GTX 1080 Hashrate) | Fast Ship, US Seller!",4497,Pre-Owned,0,True,889
Graphics Card GPU Support Bracket: GPU Sag Bracket Video Card Stand GPU Holder G,909,Brand New,0,True,
Dell/HP nVidia Quadro RTX 4000 8GB GDDR6 Video Graphics Card GPU,17999,Pre-Owned ·,0,True,8
Brand New In Box Nvidia Tesla P4 8GB GPU Graphics Card and Turbo Cooling Fan,8500,Open Box ·,500,False,162
Nvidia TESLA K40 699-22081-0202-200 H 12GB GDDR5 GPU Accelerator Card LOT of -3-,6900,Pre-Owned ·,0,False,41
New ListingSAPPHIRE NITRO+ RX 580 8G G5 8GB GDDR5 Graphics Card (11265-01-20G),7100,Pre-Owned ·,741,False,
MSI ARMOR Radeon RX 470 8GB GDDR5 GPU – Mining Edition – Tested & Working,4999,Pre-Owned ·,0,False,
HP 805132-B21 806127-001 808409-001 NVidia Tesla M6 8GB MXM3 PCIE GPU Video Card,5999,Pre-Owned ·,0,False,
AMD Radeon E9260 MXM 4GB Video Graphics Card / GPU 102-D11702-01 Scientific Only,10200,Brand New ·,0,False,515
Dell H56H0 Nvidia Tesla M10 32GB M10 GPU Passive x16 Graphics Accelerator Card,9499,Pre-Owned ·,,False,
Tested GOOD BFG NVIDIA GeForce GTX 260 896MB PCIe x16 Graphics Video Card GPU,3499,Pre-Owned ·,1525,False,
Used - AMD Radeon RX 5700 XT 50th Anniversary Edition GPU,19500,Pre-Owned ·,897,False,
"Asus GeForce RTX 3070 8GB Turbo GPU | 1yr Warranty, Fast Ship!",25995,Excellent - Refurbished ·,0,True,159
ASUS Radeon HD 6950 DirectCU II 2GB GPU EAH6950 DCII Tested – Free Shipping,2499,Pre-Owned ·,0,False,
New ListingXFX AMD Radeon HD 6850 1GB GDDR5 Graphics Card GPU Used Good Condition,1998,Pre-Owned ·,980,False,
ASUS RADEON STRIX R9 390X 8GB GDDR5 GRAPHICS CARD (R9390X-DC3OC-8GD5) #152730#,7998,Pre-Owned ·,,False,
Nvidia GRID K520 8GB GDDR5 PCIe gen3 x16 Kepler GPU Graphics 900-12055-0010-000,3699,Excellent - Refurbished ·,0,True,
HP Nvidia Tesla M60 16GB GDDR5 Graphics Accelerator Card GPU 820178-001 Bracket,5598,Pre-Owned ·,,True,
TCTP1 DELL NVIDIA TESLA K40 12GB GDDR5 GPU GRAPHICS CARD,4999,Pre-Owned ·,0,False,
New ListingDELL AMD Radeon RX 640 4GB GDDR5 GPU DP/MiniDP Low Profile DP/N: 06044M,5995,Excellent - Refurbished ·,0,True,
EVGA NVIDIA GeForce GTX 980 Ti 6GB GDDR5 GPU Graphics Card,8000,Pre-Owned ·,950,False,
AMD Radeon RX 580 8GB Video Graphics Card with 256 Bit GDDR5 PCI Express x 16...,23390,Brand New ·,0,True,
AsRock AMD GPU BC-250 Mining/PS5 GPU Card 16GB GDDR6 MEMORY,16900,Brand New ·,0,False,
AMD FirePro S7150x2 16GB GDDR5 Server Accelerator GPU Graphics Card,4998,Pre-Owned ·,,True,
AMD ASROCK 4U12G BC250 16GB GDDR6 APU GPU BC-250 PS5 Linux SteamOS Single Card,16900,Brand New ·,0,False,
AMD Radeon R5 340X 2GB GDDR3 CN-0X0CVJ LP Graphics Video card,999,Pre-Owned ·,0,False,177
Nvidia Quadro P2000 Graphics Card 5GB GDDR5 1024 CUDA Cores Pascal GPU 4x DP 1.4,7500,Pre-Owned ·,0,False,
MSI Radeon RX 560 AERO ITX 2G OC Graphics Card Desktop GPU,3999,Pre-Owned ·,999,False,
"Nvidia RTX 3090 24GB Passive Server GPU, Dual Slot, Zotac, NVLink  (Refurbished)",98000,Brand New ·,1735,False,
NVIDIA Tesla P100 12Gb GDDR5 GPU - Great for AI! Choose Power Cable (If needed),9500,Pre-Owned,0,True,
NVIDIA Tesla M40 12GB GDDR5 Graphics Card GPU Accelerator Card Passive Cooler,6900,Pre-Owned ·,0,False,27
AMD FirePro W5100 4GB GDDR5 PCIe x16 4xDisplayPort GPU,2499,Pre-Owned ·,0,True,
✅ Open Box Dell AMD Radeon RX 550 4GB GDDR5 Low Profile GPU Graphics Card DP,6997,Open Box ·,0,False,75
New ListingGigabyte GTX 660 GV-N660OC-2GD 2GB GDDR5 Graphics Card,2499,Pre-Owned ·,795,False,
Nvidia CMP 100-210 16GB Mining GPU with Adapter Cable,12499,Pre-Owned ·,,False,
New ListingLot of 2 - Nvidia GeForce GTX Titan X 12GB GDDR5X GPU 900-1G611-2530-000,35000,Pre-Owned ·,881,False,
New ListingGigabyte AMD Radeon HD 7950 (GV-R795WF3-3GD) 3GB GDDR5 Graphics Card,3495,Pre-Owned ·,,False,
Lenovo AMD Radeon R520 2GB DDR5 x2 DP 01YW868 Graphics Card GPU,1998,Pre-Owned ·,,True,
Nvidia Tesla P4 8GB GPU Card Graphics both brackets GDDR5 900-2G414-6300-000,7888,Open Box ·,0,False,
ASUS STRIX RX 8GB GDDR5 Graphics Card STRIX-RX480-O8G-GAMING *Read* | GPU334,8499,Pre-Owned ·,1418,False,
Nvidia Quadro RTX 5000 16GB GDDR6 PCIe 3.0 x 16 Dual Slot GPU 900-5G180-1700-000,45999,Pre-Owned ·,,False,
MSI GeForce RTX 3060 Ti Ventus 2X 8G GDDR6 OCV1 LHR GPU Only-Sold AS-IS Untested,20995,Parts Only ·,,False,
Gigabyte NVIDIA GeForce GTX 1080 8GB GDDR5X – Tested / Cleaned – HDMI + Display,9500,Pre-Owned ·,0,True,
PNY DUAL FAN OC GeForce RTX 5060 Ti 16GB GDDR7 PCI Express 5.0 x8 Graphics Card,50299,"Shop With Confidence, Buy From Newegg",,True,
Nvidia Tesla GPU Cooling Fan Shroud P40 P41 Accelerator Card EXTRA SMALL AI,2998,Brand New,0,True,
Nvidia Quadro M2000 4GB 128-Bit GDDR5 GPU PCI-E 3.0x16 4xDP Video Card VCQM2000,4749,Pre-Owned ·,0,True,
MSI Radeon RX 580 Gaming X 4GB GDDR5 Graphics Card,4999,Pre-Owned ·,0,True,
ASUS DUAL-RTX4060TI-O8G-EVO Dual GeForce RTX 4060 Ti 8G  Graphc Card GPU,29999,Pre-Owned ·,,False,
MSI G3050LP6C GeForce RTX 3050 LP 6G OC Low Profile 6GB GDDR6 Graphics Card,24999,Brand New ·,,False,48
New ListingNVIDIA Tesla M60 16GB GDDR5 PCIe 3.0 Dual GPU Server Accelerator Card Passive,3399,Pre-Owned ·,835,False,
New ListingAsus GeForce GTX 1060 6GB GDDR5 Graphics Card GTX-1060-03G,6998,Pre-Owned ·,0,True,
Dell 09C8C0 AMD Radeon R7 250 2GB GDDR3 DP DVI PCIe Video Graphics Card GPU,1998,Pre-Owned ·,,False,
EVGA GeForce GTX 620 1.5GB GDDR5 PCIe 2.0 X16 Video Card Dual DVI-I NVIDIA GPU,2499,Pre-Owned ·,699,False,
MSI Radeon RX 560 AERO ITX 2G OC Graphics Card Desktop GPU,3999,Pre-Owned ·,999,False,
LOT OF 5 AMD FirePro V5900 2GB GDDR5 2x DisplayPort DVI GPU Graphics Card,6900,Pre-Owned ·,,False,
NVIDIA GeForce GTX 660Ti 2GB GPU SLI Ready,4999,Pre-Owned ·,965,False,
EVGA NVIDIA GTX 680 SC SIGNATURE GPU 2GB GDDR5 HDMI/DVI/DP 02G-P4-2683-KR,6299,Pre-Owned ·,,True,
RX 580 8GB GDDR5 256 Bit GPU PCIE 3.0 Dual Fan Cooling Gaming Video Card Black,10012,Open Box,,True,
Graphics Card GPU Support Bracket: GPU Sag Bracket Video Card Stand GPU Holder G,690,Brand New ·,0,False,
ATI Radeon SDR / Radeon 7200 SDR 32MB AGP GPU,2000,Pre-Owned ·,1500,False,
PNY Geforce GT 730 2GB GDDR3 GMG731WE2F2CA1KTP Video Graphics Card GPU,3599,Open Box ·,,True,
AMD Radeon RX 640 4GB Graphics Card OEM Desktop GPU | Y77T6,5096,Pre-Owned ·,,False,
Nvidia Tesla K40 12GB GDDR5 PCIe Passive Cooling Accelerator GPU Card,4999,Pre-Owned ·,0,True,
PNY GeForce GTX 1080 Ti 11GB GDDR5X Graphics Card GPU-Good-Warranty,16995,Good - Refurbished ·,,True,
EVGA GeForce GTX 1060 6GB Single Fan Compact GPU w/ Box,6995,Pre-Owned ·,984,False,
DELL NVIDIA TESLA P100 16GB HBM2 Graphics Video Card GPU 699-2H400-0201,10499,Pre-Owned ·,,True,
NVIDIA Tesla M10 32GB GDDR5 PCI-E GPU Accelerator Card 699-22405-0070-110,7798,Pre-Owned ·,,False,7
GIGABYTE Nvidia Geforce GTX 980 GV-N980G1-GAMING-4GD 4GB GDDR5 GPU SKU 23269,5999,Pre-Owned ·,0,True,
Dell Nvidia Quadro K5200 8GB GDDR5 Video Graphics Card D/PN R93GX W/ Bracket GPU,5399,Pre-Owned ·,500,False,
Nvidia Tesla K20 5GB GDDR5 GPU Accelerator,1795,Pre-Owned ·,0,True,
AMD Radeon Pro WX2100 WX 2100 2GB GDDR5 Graphics Video Card GPU,2200,Pre-Owned ·,1645,False,
NVIDIA QUADRO RTX 4000 8GB GDDR6 GPU,17999,Pre-Owned ·,,False,
GPU: AMD Radeon R7 240 Interface: PCI Express 3.0 Video Card,2399,Pre-Owned ·,906,False,
AMD Radeon RX 580 8GB Video Graphics Card with 256 Bit GDDR5 PCI Express x 16...,23390,Brand New ·,0,True,
AMD FirePro S7150x2 16GB GDDR5 Server Accelerator GPU Graphics Card,4998,Pre-Owned ·,,True,
Nvidia TESLA P100 16gb / 699-2H400-0201 TESTED,7498,Pre-Owned ·,2172,False,101
New ListingNVIDIA GeForce GTX TITAN X 12GB GDDR5 Graphics Card 12G-P4-2990-BR,11499,Pre-Owned ·,0,True,
ZOTAC GeForce GTX 1660 - 6GB GDDR5 - HDMI + 3X DisplayPort - ZT-T16600F-10L,10500,Pre-Owned ·,,False,
"AMD Radeon RX 5700 8GB GDDR6 Reference Model GPU | 1yr Warranty, Fast Ship!",16997,Excellent - Refurbished ·,0,True,28
NVIDIA Quadro K420 2GB GDDR3 PCI-E DP DVI Graphics Card + HDMI Adapter,1998,Pre-Owned ·,0,True,
XFX Radeon R9 280X 3GB GDDR5 Dual Fan GPU Graphics Card,3800,Pre-Owned ·,950,False,
NVIDIA Tesla P40 24GB GDDR5 PCIe 3.0 x16 GPU Accelerator Card 900-2G610-0000-000,39599,Brand New ·,0,True,
New ListingDELL AMD Radeon RX 640 4GB GDDR5 GPU DP/MiniDP Low Profile DP/N: 06044M,5995,Excellent - Refurbished ·,0,True,
"Nvidia GT 120 512MB Mac Edition GPU | 1yr Warranty, Fast Ship!",2298,Very Good - Refurbished ·,0,True,
EVGA GeForce GTX 560 TI with EK GPU Water Block Liquid Cooling,5110,Pre-Owned ·,,False,
ASRock Challenger Arc A380 6GB GDDR6 PCI Express 4.0 ITX Video Graphics Card ...,14699,"Shop With Confidence, Buy From Newegg",,True,
Nvidia Quadro P2000 Graphics Card 5GB GDDR5 1024 CUDA Cores Pascal GPU 4x DP 1.4,8999,Very Good - Refurbished ·,,True,392
NVIDIA Tesla M40 12GB GDDR5 Graphics Card GPU Accelerator Card Passive Cooler,6900,Pre-Owned ·,0,False,27
HP AMD Radeon RX 460 2GB GDDR5 PCIe Graphics Card 910486-002,3699,Pre-Owned ·,,False,26
MSI GeForce GTX 1070 AERO ITX 8G OC 8GB GDDR5 Graphics Card GPU SFF 150W 175 mm,10999,Pre-Owned ·,0,False,
Nvidia GeForce Titan X - 12GB GDDR5X GPU Card 900-1G611-2500-000 - TESTED,14500,Pre-Owned ·,0,False,
New ListingPNY VCNT1000-PB Nvidia T1000 4x Mini DP 4GB GDDR6 PCIe 3.0 x16 Graphics Card GPU,125,Pre-Owned ·,994,False,
SAPPHIRE ATI Radeon HD 2600 PRO 512MB DDR2 Graphics Card 188-02E41-001SA  GPU364,2999,Pre-Owned ·,,True,
"195mm/7.67"" Graphics Card GPU Brace GPU Stand Video Card Sag Holder",1279,Brand New,0,True,
Lenovo Nvidia Quadro K1200 4GB GDDR5 Graphics Video Card GPU HIGH PROFILE,4398,Pre-Owned ·,,True,
"HP HD 7450 1GB Full Height GPU | 1yr Warranty, Fast Ship!",948,Very Good - Refurbished ·,0,True,11
NVIDIA Tesla M10 32GB GDDR5 Passive Dual Slot GPU Accelerator 900-22405-0000-000,9999,Pre-Owned ·,0,False,
"PowerColor Radeon RX 5700 Red Devil 8GB GPU - B8, Not Working",4997,Parts Only ·,0,True,
New ListingIntel Arc A750 Sparkle Luna ROC edition 8GB GDDR6 Graphics Card SA750RW-8GOC OC,14999,Pre-Owned ·,0,True,
"XFX Radeon RX 470 4GB D5 TRUE OC GPU | 1yr Warranty, Fast Ship!",4747,Very Good - Refurbished ·,0,True,
Nvidia Tesla T4 16GB GDDR6 Graphics Accelerator Card GPU NO IO SHIELD BRACKET,63998,Pre-Owned ·,,True,
NVIDIA Quadro M4000 8GB GDDR5 Graphics Card,10499,Brand New ·,0,False,
NVIDIA Quadro P2000 5GB GDDR5 PNY PCIe GPU Graphics Card 4x DisplayPort,9999,Pre-Owned ·,,True,
"6GB Graphics Cards, GDRR6 192Bit PCIE 3.0X16 Computer Gaming Gpu, Dual Freeze...",34343,Brand New ·,0,True,
Gigabyte Radeon RX Vega 56 8GB HBM2 GPU,10000,Pre-Owned ·,,True,
NVIDIA Titan V 12GB GPU Model PG500 699-1G500-0000-400 T,22000,Open Box ·,1998,False,
nVidia Tesla M40 GPU 24GB GDDR5 Accelerator Processing Card 900-2G600-0010-000,14588,Pre-Owned ·,,True,68
GPU COLLECTORS LOT GRAPHICS CARDS UNTESTED CONDITIONS,39995,Parts Only ·,0,False,
Zotac Titan 6GB GDDR5 Graphics Card 299-0K137-000Z8,6998,Pre-Owned ·,0,True,
NEW Zotac Nvidia GeForce GT 1030 2GB 64BIT GDDR5 Low Profile Graphics Card GPU!,9995,Open Box ·,0,False,
Gigabyte AMD Radeon R9 270X GDDR5 OC Graphics Card GPU GV-R927XOC-4GD 4096mb,5000,Open Box ·,1657,True,
NVIDIA Tesla P100 16GB 699-2H400-0201-520 PASCAL GPU ACCELERATOR PH400 Graphics,8788,Pre-Owned ·,,False,32
NVIDIA Quadro K4200 4GB Graphics Card | DVI + 2x DP | Dell J4F85 + Bracket (Lot,2877,Excellent - Refurbished ·,0,True,35
Dell NVIDIA Tesla M2090 6GB GDDR5 PCIe GPU Accelerator Graphics Card D0P86,3499,Brand New ·,0,True,
NVIDIA TESLA M60 GPU 16GB GDDR5 ACCELERATOR CARD 699-2G402-0060-320 C,5999,Pre-Owned ·,0,False,26
ASUS STRIX-R9380-DC2OC-2GD5-GAMING R9 380 2GB GDDR5 PCI-E USED GPU- A02,3400,Pre-Owned ·,1657,False,
ASUS GeForce 6200 128MB DDR PCI Express x16 Video Card    EN6200GE,3400,Pre-Owned ·,0,False,
ZOTAC GT-218 ION display adapter 1X Interface (Multiple Available),5495,Pre-Owned ·,795,False,
Tested GOOD EVGA NVidia GeForce GTX 1660 6GB GDDR5 PCIe Graphics Video Card GPU,11999,Pre-Owned ·,1525,False,
Dell Radeon Pro WX4100 Graphics GPU ( 0 TFC3M) 4GB GDDR5 DX12 4X MiniDP TESTED,6498,Pre-Owned ·,500,False,
PNY Nvidia CMP 70HX 8GB Crypto Mining Graphics Card - repasted,12195,Pre-Owned ·,0,False,
NVIDIA 900-2G179-0020-000 A2 16GB GDDR6 4.0 GPU *New Sealed*,52900,Brand New ·,,True,
Nvidia Tesla K40 12GB GDDR5 PCIe Passive Cooling Accelerator GPU Card,4999,Pre-Owned ·,0,True,
PowerColor AMD RX 5700 XT 8GB Graphics Card GPU PC Used,15997,Pre-Owned ·,,True,
Dell Radeon R7 450 4GB GDDR5 Graphics Card GPU 0TDMFC 109-D03957-00A_02,3999,Pre-Owned ·,0,False,
XFX Radeon RX 470 4GB RS XXX Edition GPU | Problematic Fans | HDMI Output Works,3499,Pre-Owned ·,0,False,193
Nvidia GeForce GTX Titan X 12GB GDDR5X GPU Graphics Card 900-1G611-2530-000,19999,Pre-Owned ·,0,False,
New ListingSAPPHIRE Nitro AMD Radeon RX 6700 XT 12GB GDDR6 gpu NO BOX,27500,Pre-Owned ·,637,False,
NVIDIA GPU Tesla K40 12GB GDDR5 Graphics Card - Tested,4699,Pre-Owned ·,0,False,
EVGA NVIDIA GeForce GTX 980 Ti 6GB GDDR5 GPU Graphics Card,7498,Pre-Owned ·,1381,False,
XFX AMD Radeon R7750 Ghost Ed 1GB Video Graphics Card GPU DP HDMI FX-775A-ZN,3900,Pre-Owned ·,0,False,
ZOTAC GeForce GTX 1070 AMP Extreme 8GB GDDR5 Graphics Card,18000,Pre-Owned ·,1900,False,
MSI AMD Radeon RX Vega 56 - 8GB HBM2 GPU,7500,Pre-Owned ·,835,False,
NVIDIA 699-2G414-0200-110 TESLA P4 8GB GPU *New*,12900,Brand New ·,,True,
New ListingXFX SPEEDSTER SWFT 319 AMD Radeon RX 6800 CORE Gaming 16GB GDDR6 Graphics Card,35000,Pre-Owned ·,1593,False,
EVGA GeForce GTX 620 1.5GB GDDR5 PCIe 2.0 X16 Video Card Dual DVI-I NVIDIA GPU,2499,Pre-Owned ·,699,False,
ASRock Challenger Radeon RX 9060 XT 16GB GDDR6 PCI Express 5.0 x16 Graphics Card,46099,"Shop With Confidence, Buy From Newegg",,True,115
Nvidia Tesla K80 GPU 24GB GDDR5 PCIe 3.0 GPU Accelerator Card 699-22080-0200-530,7998,Excellent - Refurbished ·,0,True,
Graphics Card GPU Support Bracket: GPU Sag Bracket Video Card Stand GPU Holder G,1069,Brand New,0,True,61
PNY GeForce FX5500 128MB PCI Video Card Dual VGA S-Video Retro GPU,5700,Pre-Owned ·,552,False,
EVGA NVIDIA GeForce GTS 250 Graphics Card PCI-E HDMI DVI GPU,1998,Pre-Owned ·,965,False,
NVIDIA GeForce 6200LE 512MB DDR2  AGP Graphics Card,3800,Pre-Owned ·,865,False,
Dell OptiPlex SLIM Dual Monitor DisplayPort DVI HDMI Video Card Windows 10 GPU,1844,Pre-Owned ·,0,True,55
XFX Speedster SWFT210 AMD Radeon RX 6600 8GB GDDR6 - Graphics Card  - GPU,14000,Pre-Owned ·,1241,False,
XFX SPEEDSTER SWFT309 AMD Radeon RX 6700 10GB CORE Gaming Video Graphics Card,24999,Open Box ·,,True,
NVIDIA TITAN V Volta 12GB HBM2 GPU Graphic Card 900-1G500-2500-000 FEDEX DHL,34800,Pre-Owned ·,0,False,
Nvidia Quadro RTX 4000 8GB GDDR6 PCIe Graphics Card,18999,Pre-Owned ·,,True,132
Yeston Radeon RX550 4GB GDDR5 PCIExpress 3.0 Dual Slot 4*HDMI GPU Tested,6998,Pre-Owned ·,,True,
Dell NVIDIA GeForce RTX 2080 Super 8GB GDDR6 PCIe GPU | Tested & Working,18999,Pre-Owned ·,,True,
Lenovo NVIDIA Quadro P620 2GB GDDR5 4x Mini DP Graphics Card GPU NO IO SHIELD,2999,Pre-Owned ·,,True,
MSI N8400GS-D256H GeForce 8400GS 256MB GDDR2 PCIe 2.0 GPU,1399,Pre-Owned ·,0,True,
Leadtek WinFast RTX 3070 8GB Blower GPU OEM Server Workstation Tested,21999,Pre-Owned ·,0,False,
Nvidia P102-100 10GB Passive Mining GPU 20-24MH RVN (GTX 1080 Ti Hashrate) | ...,5497,Pre-Owned,0,True,297
New ListingNVIDIA GeForce RTX 2070 8GB GDDR6 Graphics Card (900-1G160-2550-000),18499,Pre-Owned ·,1000,False,
Graphics Card GPU Support Bracket: GPU Sag Bracket Video Card Stand GPU Holder G,458,Brand New ·,0,False,
Dell Nvidia Quadro P1000 4GB GDDR5 GPU,5999,Pre-Owned ·,0,False,
EVGA GeForce RTX 3070 XC3 Ultra Gaming 8GB GDDR6 Graphics Card - GPU,18300,Pre-Owned ·,2572,False,
"EVGA GeForce RTX 3060 Ti FTW3 ULTRA 8GB GPU Video Card - 08G-P5-3667-KR, Non-LHR",14250,Pre-Owned ·,1614,False,
Nvidia Tesla M40 24GB GPU Card PCIE Gen 3.0 x 16 with a power cable,12000,Pre-Owned ·,,False,
New ListingAmd Radeon Instinct Mi50 32Gb Gpu Server Workstation Graphics Card Ai Deep,43722,New (Other),1986,False,
Gigabyte NVIDIA GeForce GTX 1080 8GB GDDR5X PCIe GPU | Tested & Working,11999,Pre-Owned ·,,True,
MAXSUN AMD Radeon RX580 2048SP 4GB GDDR5 PCI-E GPU - Tested,8000,Pre-Owned ·,1070,False,
APPLE Boot Screen Capable  Sapphire Nitro+ RX-580 8GB GDDR5  BLUE For MacPro,20000,Pre-Owned ·,2000,False,
ASUS Graphics Card Strix Radeon R9 380 Gaming New Sealed,16000,Open Box ·,1898,False,
AMD Radeon VII 7 16GB Graphics Card GPU,23586,Pre-Owned ·,0,False,
NVIDIA Quadro M4000 8GB GDDR5 Professional PCIe 3.0 x16 Workstation GPU,8500,Pre-Owned ·,0,True,
"Nvidia P102-100 10GB Passive (Shroud Removed) Mining GPU | Fast Ship, US Seller!",5497,Pre-Owned,0,True,81
GeForce GT 730 2GB Video Graphics Card GPU for Computer PC GDDR3 PCI Express ...,9999,Brand New ·,0,True,
Gigabyte AMD Radeon R9 270X GDDR5 OC Graphics Card GPU GV-R927XOC-4GD 4096mb,5000,Open Box ·,1657,True,
"Gigabyte Nvidia P104-100 8GB Mining GPU (GTX 1080 Hashrate) | Fast Ship, US S...",4497,Pre-Owned,0,True,269
gpu lot,15000,Pre-Owned ·,719,False,
EVGA GeForce RTX 2080 Super 8GB GDDR6 Graphics Card 08G-P4-3183-KR Untested,17995,Pre-Owned ·,1325,False,
New Listing102D0513300 AMD INSTINCT MI25 16G GPU (HBM2 PCIE 3.0),7700,Pre-Owned ·,,True,
Lenovo Nvidia Quadro K1200 4GB GDDR5 Graphics Video Card GPU HIGH PROFILE,4398,Pre-Owned ·,,True,
New ListingASUS Nvidia GeForce RTX 3060 12GB Triple Fan Graphics Card GPU PC,29997,Pre-Owned ·,,True,
AMD Radeon RX 580 8GB GDDR5 Graphics Card DualFan 180Watt Special Edition+,12538,Open Box ·,0,False,
SAPPHIRE Pulse Radeon RX 580 8GB GDDR5 GPU,10000,Pre-Owned ·,700,False,
FRU GPU Board N19P-Q1 4GB G6 128b,5832,Open Box ·,,True,
AMD Radeon PRO WX 3200 WX3200 4GB GDDR5 Graphics workstation GPU Video Card,5000,Pre-Owned ·,897,False,
Sapphire Pulse RX580 8GB GPU Video Card (11265-67),10999,Open Box ·,,True,
New ListingMSI GeForce  4GB (GTX 1050 Ti 4GT OC) Graphics Card GPU Nvidia Overclock,6000,Pre-Owned ·,919,False,
AMD Radeon R5 340X 2GB GDDR3 CN-0X0CVJ LP Graphics Video card,999,Pre-Owned ·,0,False,177
Nvidia TESLA K40 699-22081-0202-200 H 12GB GDDR5 GPU Accelerator Card LOT of -3-,6900,Pre-Owned ·,0,False,41
PNY NVIDIA GeForce GTX 1080 Ti 11GB GDDR5X 352Bit PCIe 3.0 x16 Graphics Card GPU,14799,Pre-Owned ·,0,False,
HP Quadro K620 Display Port DVI 2GB DDR3 GPU 765147-001 / 764898-001,1499,Pre-Owned ·,0,False,
HP NVIDIA GeForce RTX 3080 10GB GDDR6X PCIe GPU  M24412-003 Tested,18250,Pre-Owned ·,2200,False,
New ListingNVidia Titan RTX 24GB GDDR6 GPU - Cleaned Tested And Works Great! US Seller,79999,Pre-Owned ·,1449,False,
NVIDIA Tesla M40 GPU Accelerator 24GB PCIe x16 M6000 GTX TitanX 3k Cuda Cores,12510,Pre-Owned ·,,False,
XFX GeForce GTX 285 1GB PCIE GPU,8000,Pre-Owned ·,2000,False,
DELL NVIDIA TESLA P100 16GB HBM2 Graphics Video Card GPU 699-2H400-0201,10499,Pre-Owned ·,,True,
Dell Radeon R7 450 4GB GDDR5 Graphics Card GPU 0TDMFC 109-D03957-00A_02,3500,Pre-Owned ·,0,False,
Lot of 3 - NVIDIA Quadro 4000 2GB GDDR5 Graphics Card GPU Workstation PCIe B22,6998,Pre-Owned ·,650,False,
NVIDIA Tesla M10 32GB GDDR5 PCI-E GPU Accelerator Card 699-22405-0070-110,7798,Pre-Owned ·,,False,7
PowerColor AMD RX 5700 XT 8GB Graphics Card GPU PC Used,15997,Pre-Owned ·,,True,
Nvidia CMP 100-210 16GB Mining GPU with Adapter Cable,12499,Pre-Owned ·,,False,
DataLand AMD Radeon R9 380X 4GB GDDR5 PCI-E Graphics Video Card DP DVI HDMI GPU,6998,Pre-Owned ·,1299,False,
"Zotac GeForce RTX 3080 10GB Trinity GPU - B31, Cosmetic Damage",34497,Pre-Owned ·,0,True,
NEW DELL Nvidia Quadro GP100 16GB HBM2 GPU 4x DP Workstation Graphics Card 5DF1J,34900,Brand New ·,0,True,
Nvidia GeForce GTX Titan X 12GB GDDR5X GPU Graphics Card 900-1G611-2530-000,19999,Pre-Owned ·,0,False,
Sapphire NITRO+ Radeon RX 5700 XT 8GB RAM - Graphics Card - Bent GPU,11499,Parts Only ·,0,True,
Tested DELL NVidia GeForce GTX 1660 Ti 6GB GDDR6 PCIe Graphics Video Card GPU,11999,Pre-Owned ·,1400,False,
NEW SEALED EVGA GeForce GTX 1060 FTW+ 6GB GDDR5 Graphics Card 06G-P4-6368-KR,13999,Brand New ·,,False,
Brand New In Box Nvidia Tesla P4 8GB GPU Graphics Card and Turbo Cooling Fan,9172,Open Box ·,0,False,
Apple Mac Pro A1310 NVIDIA GeForce GT 120 Video Card 512 MB GPU GDDR3 SDR,499,Pre-Owned ·,,False,
New ListingNVIDIA GeForce Graphics Card 1660 Super Single Fan,8500,Pre-Owned ·,926,False,
New ListingGIGABYTE AMD Radeon RX 6800 XT GAMING OC 16GB GDDR6 Graphic Card,39000,Open Box ·,965,False,
Yeston Radeon RX550 4GB GDDR5 PCIExpress 3.0 Dual Slot 4*HDMI GPU Tested,6998,Pre-Owned ·,,True,
Brand New In Box Nvidia Tesla P4 8GB GPU Graphics Card and Turbo Cooling Fan,8500,Open Box ·,500,False,162
HP NVIDIA Quadro K3000M 2GB GDDR5 Laptop MXM 3.0 Mobile GPU Graphics Card,2998,Pre-Owned ·,0,True,
Nvidia RTX A2000 6GB GDDR6 Graphics Card GPU (BULK AVAILABLE),37497,Pre-Owned ·,,True,
Low-Profile Nvidia Tesla P4 8GB GPU Card graphics GDDR5 Supermicro PCI-E US,11177,Open Box ·,0,False,18
"Nvidia CMP 170HX 10GB HBM2 Mining GPU | 1yr Warranty, US Seller!",22997,Excellent - Refurbished,0,True,
New ListingNvidia 699-2G503-0202-200 Tesla V100 16GB SXM2 GPU,9900,Pre-Owned ·,,True,
XFX Radeon RX 470 4GB RS XXX Edition GPU | Problematic Fans | HDMI Output Works,3499,Pre-Owned ·,0,False,193
AMD ASROCK 4U12G BC250 16GB GDDR6 APU GPU BC-250 PS5 Linux SteamOS Single Card,16900,Brand New ·,0,False,
AMD SAPPHIRE NITRO+ RX 5700 XT OC GDDR6 8GB Graphics Card GPU (11293-03),17000,Pre-Owned ·,,True,76
ASRock Challenger Arc A380 6GB GDDR6 PCI Express 4.0 ITX Video Graphics Card ...,14699,"Shop With Confidence, Buy From Newegg",,True,
Shelf Trophy Display Stand Holder for Standard PCIE Graphics Cards GPU,1479,Brand New,0,True,68
New NVIDIA Tesla A100 80GB PCIe GPU Computing Graphics Card Deep Learning AI,89747,Brand New ·,0,False,
"Yeston AMD Radeon RX550 4GB DDR5 Low-Profile Single Slot GPU , DVI HDMI",9500,Pre-Owned ·,400,False,
PNY-GeForce RTX 3060 Ti 8GB GDDR6 PCI Express 4.0 GPU Only-Sold AS-IS / Untested,20995,Parts Only ·,,False,
HP AMD FirePro W5100 4GB GDDR5 PCI-e x16 Graphics Card GPU 769770-001 769574-001,4399,Pre-Owned ·,0,False,
Tested DELL NVidia GeForce GTX 1660 Ti 6GB GDDR6 PCIe Graphics Video Card GPU,11999,Pre-Owned ·,1400,False,
NEW SEALED EVGA GeForce GTX 1060 FTW+ 6GB GDDR5 Graphics Card 06G-P4-6368-KR,13999,Brand New ·,,False,
PNY-GeForce RTX 3060 Ti 8GB GDDR6 PCI Express 4.0 GPU Only-Sold AS-IS / Untested,20995,Parts Only ·,,False,
HP AMD FirePro W5100 4GB GDDR5 PCI-e x16 Graphics Card GPU 769770-001 769574-001,4399,Pre-Owned ·,0,False,
AMD Radeon HD 6770M 512MB GPU for IMac 2011 27 Inch,2000,Pre-Owned ·,0,False,
LOT OF 2 EVGA Nvidia GeForce GTX 760 4GB GDDR5 04G-P4-2768-KR Graphics Card,6998,Pre-Owned ·,0,True,
AMD Radeon R7 350X 4GB PCIe DVI DisplayPort Video Graphics Card,2300,Pre-Owned ·,651,False,
ASUS GeForce GTX 1070 8GB Dual Fan PCI Express 3.0 x16 Graphics Card,9000,Pre-Owned ·,650,False,
Dell Precision 7550 NVIDIA Quadro T1000 Video GPU Card N19P-Q1-A1 4GB - FRH7R,1698,Pre-Owned ·,0,False,
ASUS NVIDIA GTS 250 512MB Video Graphics Card/GPU (ENGTS250/DI/512MD3/A),1798,Pre-Owned ·,0,False,
MSI NVIDIA GeForce RTX 2070 8GB GDDR6 Graphics Card (RTX2070ARMOR8G),15000,Pre-Owned ·,1041,False,
"AMD Radeon HD 6970 MSI Afterburner Graphics Card - Dual DVI, HDMI, DP - Tested",6498,Pre-Owned ·,0,False,
"Inno3d GeForce RTX 2060 6GB Twin X2 GPU | 1yr Warranty, Fast Ship!",16497,Excellent - Refurbished ·,0,True,
"Gigabyte Radeon RX 570 4GB Gaming 4G NB GPU | 1yr Warranty, Fast Ship!",7995,Very Good - Refurbished ·,0,True,127
(Factory Refurbished) GIGABYTE GV-R9060XTGAMING OC-8GD GDDR6 PCIe 5.0 Video Card,39499,Certified - Refurbished ·,,False,
Set Of 5 Graphics Cards Gpu For Gaming Mining Video Editing High Performance,18558,Pre-Owned,0,True,
Nvidia GeForce GTX Titan 6GB GDDR5 PCIe 3.0 x 16 Dual Slot GPU 06G-P4-3790-KR,10599,Pre-Owned ·,,False,
Dell NVIDIA Quadro M1000M MXM Laptop Graphics Card N15P-Q3-A1 GPU Module,1798,Pre-Owned ·,545,False,
POWERCOLOR 9600 PRO ATI RAEDON GRAPHICS CARD 256MB DVI-I NEW SEALED,7000,Brand New ·,1764,False,
Graphics Card GPU Support Bracket: GPU Sag Bracket Video Card Stand GPU Holder G,689,Brand New ·,0,False,
TESTED MSI GeForce GTX 1050 Ti AERO ITX 4 GB GDDR5 OC Video Graphics Card GPU,7500,Pre-Owned ·,,False,
NEW! Nvidia Tesla GPU Cooling Fan Shroud Mounting P40 P41 Accelerator Card AI,3897,Brand New,0,True,
GIGABYTE AORUS Radeon RX 6900 XT XTREME WATERFORCE WB 16GB GDDR6 Graphics Card,22566,Brand New ·,0,False,
AMD Radeon RX Vega 64 8GB HBM2 Blower GPU 3xDP HDMI GPuTach,9495,Pre-Owned ·,952,False,
NVIDIA NVS 510 2GB GDDR3 Graphics Video Card GPU High Profile TESTED,1700,Pre-Owned ·,0,False,
Dell Nvidia Quadro P1000 4GB GDDR5 GPU,5999,Pre-Owned ·,0,False,
NVIDIA Tesla M40 GPU Accelerator 24GB PCIe x16 M6000 GTX TitanX 3k Cuda Cores,12510,Pre-Owned ·,,False,
Dell Nvidia Quadro K4200 4GB GDDR5 Graphics Video Card GPU with Bracket,3897,Pre-Owned ·,,True,
TESTED GOOD ZOTAC NVidia GeForce GTX 1060 3GB PCIe x16 Graphics Video Card GPU,13249,Brand New ·,,False,
XFX Radeon R9 380 4GB GDDR5 Dual Fan Graphics Card GPU AMD,5000,Pre-Owned ·,950,False,
Biostar ATI Radeon HD 4650 1GB GPU Graphics Card Full Height DDR2,1798,Pre-Owned ·,0,False,
"MSI ARMOR Radeon RX580 8GB GDDR5, AMD, Windows 10 PC Graphics Card, VERY NICE!",9500,Pre-Owned ·,507,False,
MSI AMD Radeon RX Vega 56 - 8GB HBM2 GPU,7500,Pre-Owned ·,835,False,
AMD Radeon R5 430 2GB GDDR5 V337 Ver 7.0 LP Video Card 1X3TV,1300,Pre-Owned ·,0,True,81
NVIDIA Quadro FX 580/512M GPU Graphics Card-Tested,1399,Pre-Owned ·,0,False,
Dell nVIDIA Tesla K20 5GB GDDR5 PCI-e Video Graphics Card 699-22081-0204-221,3500,Pre-Owned ·,0,False,
MSI GeForce GTX 1080 GAMING X 8GB GDDR5X Graphics Card *AS IS/Read* | GPU366,5999,Parts Only ·,,False,
Gigabyte Radeon R7 260X 2GB GDDR5 PCIe x16 Graphics Card AMD GCN GV-R726XOC-2GD,2499,Pre-Owned ·,852,False,
NVIDIA Quadro K4000 3GB GPU Workstation Video Graphics card GDDR5 PCIe,3399,Pre-Owned ·,0,False,
Dell Nvidia 0KVJ6K GRID K2 8GB GDDR5 PCI-E GPU Graphics Accelerator,5499,Pre-Owned ·,0,True,
GeForce RTX 2070 Ventus GP 8GB GDDR6 PCIe DisplayPort HDMI Video Card GPU,20249,Pre-Owned ·,1199,False,
NVIDIA GRID K1 16GB GDDR5 PCI-E GPU Graphics Accelerator699-52401-0502-221 (J295,2995,Pre-Owned ·,0,True,
Dell  Precision 7530 NVidia Quadro 1000 4GB GDDR5 GPU N18P-Q1-A1  4GD86,1648,Brand New ·,,True,
6x NVIDIA Tesla C2050 PCIe GPU Video Card 3GB GDDR5 Video Card TESTED - USED,6500,Pre-Owned ·,0,False,
MSI GeForce GTX 1080 ARMOR OC 8GB GDDR5X Graphics Card,10999,Pre-Owned ·,,True,
Nvidia Tesla V100 SXM2 32GB GPU 699-2G503-0203 AI GPU LLM Graphics Accelerator,47499,Pre-Owned ·,,True,
GRAPHICS CARD GPU SUPPORT BRACKET Video Card Adjustable Stand Holder Non-Slip,953,Brand New,0,True,
Nvidia Tesla P4 8GB GPU Graphics Card Both Brackets GDDR5 900-2G414-6300-000,6788,Open Box ·,500,False,
Graphics Card GPU Support Bracket: GPU Sag Bracket Video Card Stand GPU Holder G,447,Brand New ·,0,True,
Nvidia Tesla GPU Cooling Fan Shroud Mounting K60 M40 P100 Accelerator Card. AI,2998,Brand New,0,True,
AMD ATI Radeon HD 3870 512MB PCIe Graphics Video Card GPU - Unsure If It Works,5000,Pre-Owned ·,0,False,
AMD Firepro W4100 2GB GDDR5 PCIe x16 3.0 Quad Mini DP Output Full Height,999,Pre-Owned ·,944,False,
"195mm/7.67"" Graphics Card GPU Brace GPU Stand Video Card Sag Holder",1279,Brand New,0,True,
New ListingDELL AMD Radeon RX 640 4GB GDDR5 GPU DP/MiniDP Low Profile DP/N: 06044M,5995,Excellent - Refurbished ·,0,True,
ZOTAC GAMING GeForce RTX 5060 AMP 8GB GDDR7 PCI Express 5.0 Video Graphics Card,34900,Excellent - Refurbished ·,,True,
Dell NVIDIA Quadro M2000 4GB GDDR5 4x DisplayPort Video Graphics Card GPU 0W2TP6,4499,Pre-Owned ·,0,True,
Nvidia Tesla K40 12GB GDDR5 PCIe3.0 GPU Passive Cooling Accelerator *NO BRACKET*,3999,Pre-Owned ·,,False,
Dell NVIDIA QUADRO M2000 GPU 4gb 128-bit Gddr5 PCI Express 3.0 X16 0W2TP6,4797,Pre-Owned ·,0,True,
Nvidia Quadro FX4600 768MB GDDR3 PCIe x16 Graphics Card 3840 x 2400,4249,Pre-Owned ·,0,False,
Nvidia GeForce 7900 GTX 512MB GPU | 0JH466,8999,Pre-Owned ·,,True,
NVIDIA Quadro K4200 4GB GDDR5 Graphics Card GPU,3999,Pre-Owned ·,1115,False,
Intel VGA i740-B Graphics Card,2650,Pre-Owned ·,520,False,
DEFECTIVE MSI RTX 5090 GAMING TRIO  GPU No Core  VRAM For parts US stock G3D,15318,Parts Only ·,0,False,
GPU AMD VEGA10XT 8GB Graphics Card D050 109-D05057-00_03,20000,Pre-Owned ·,2788,False,
EVGA NVIDIA GeForce GTX 750 Ti SC 2GB GDDR5 GPU,4200,Pre-Owned ·,1518,False,
Dell NVIDIA Tesla K80 24GB GDDR5 PCIe x16 GPU Accelerator Dell P/N: 0HHCJ6,9999,Pre-Owned ·,0,True,
Nvidia Tesla M60 16GB GDDR5 Graphics Accelerator Card GPU,6998,Pre-Owned ·,,True,
HP OEM NVIDIA GeForce RTX 3060 Ti 8GB Tested Working GPU Graphics Card,20999,Pre-Owned ·,,False,
NVIDIA GeForce 8400 GS 512MB PCIe Graphics Card GPU Video Card PC Gaming,2499,Brand New ·,999,False,
Bracket for nVidia Tesla GPU P40 M60 P100 V100 820178-001 PK3RJ,699,Open Box ·,,False,150
New ListingNVIDIA 699-51030-0501-100 Quadro 2.5GB GDDR5 PCIe 320-bit GPU,3900,Pre-Owned ·,,True,
NEW SEALED ASRock AMD Radeon RX 6700 XT Gaming 12GB Graphics Card GPU,37497,Brand New ·,,True,
Dell Nvidia Quadro K420 2GB GDDR3 GPU Graphics Video Card NO BRACKET IO SHIELD,1238,Pre-Owned ·,,True,
"Xynsviu  Radeon R7 350 2G Graphics Card, GPU Support HDMI x6 Monitor Output -NEW",9600,Brand New ·,897,False,
Tested GOOD Gigabyte NVidia GeForce RTX 2070 8GB PCIe Graphics Video Card GPU,19999,Pre-Owned ·,1525,False,
Evga NVIDIA GeForce GTX 1080 8GB GDDR5X PCIe x16 GPU P/N: 08G-P4-6181-KR Tested,11000,Pre-Owned ·,2950,False,
ASUS NVIDIA GeForce GTX 970 4GB Graphics Card – Clean Pull From Gaming PC,6900,Pre-Owned ·,,False,
"MSI Radeon RX 580 8GB Reference Blower GPU | 1yr Warranty, Fast Ship!",10997,Excellent - Refurbished ·,0,True,
Dell Precision 7740 NVIDIA Quadro P3200 6 GB GDDR5 Laptop Graphics Card 8G6F0,4999,Pre-Owned ·,0,True,9
NVIDIA QUADRO P400 GDDR5 PCIE GRAPHICS CARD PNY VCQP400-PB VCQP400-SB,3500,Pre-Owned ·,,False,
Nvidia Tesla GPU Cooling Fan Shroud Mounting P40 P41 Accelerator Card. AI,2998,Brand New,0,True,
NVIDIA MXM Form Factor Graphics Card GPU Module Chipset Manufacturer NVIDIA,6998,Pre-Owned ·,872,False,
EVGA GeForce GTS 450 1GB 01G-P3-1450-TR GPU Graphics Video Card Untested Dusty,1998,Pre-Owned ·,0,False,
NVIDIA TESLA K10 8GB GDDR5 PROCESSING UNIT GK104 KEPLER GPU,2500,Pre-Owned ·,0,False,
New ListingEVGA GeForce GTX 1080 FTW Gaming 8GB GDDR5X Graphics Card 08G-P4-6286-BR,11999,Pre-Owned ·,0,True,
Gigabyte AMD Radeon R9 270X GDDR5 OC Graphics Card GPU GV-R927XOC-4GD 4096mb,5000,Open Box ·,1657,True,
EVGA NVIDIA GeForce GTX 1070 SC ACX 3.0Graphic Card GPU 08G-P4-6173-KR 8GB GDDR5,9000,Pre-Owned ·,0,False,
New ListingASUS Nvidia GeForce RTX 3060 12GB Triple Fan Graphics Card GPU PC,29997,Pre-Owned ·,,True,
New NVIDIA Quadro K4000 3GB GDDR5 Graphics card PNY,9999,Brand New ·,0,True,
New ListingLenevo NVIDIA GeForce RTX 3060 8gb GDDR6,23499,Pre-Owned ·,919,False,
Wall Mount Display Secure Holder for Standard PCIE Graphics Cards GPU,1195,Brand New,0,True,58
"Graphics Card GPU Support Bracket, Video Card Stand, Anti Sag GPU Holder for ...",919,Brand New,0,True,
Nvidia TESLA K40 699-22081-0202-200 H 12GB GDDR5 GPU Accelerator Card NO BRACKET,3449,Pre-Owned ·,0,False,
AMD V620 V520 BC-160 RADEON PRO GPU Cooling Fan Shroud Accelerator Card AI,3897,Brand New,0,True,
PowerColor AMD Radeon RX 480 8GB GDDR5 Graphics Card,5000,Pre-Owned ·,1551,False,
Nvidia Tesla V100 16GB HBM2 CUDA GPU PCIe  699-2G500-0200-300+Cable+Bracket,34500,Pre-Owned ·,,False,
Dell NVIDIA Tesla P4 8GB GDDR5 GPU Accelerator Card 900-2G414-0200-000 JKR86,11500,Pre-Owned ·,0,False,
Full Profile Bracket for NVIDIA Tesla T4 P4 M4 GPU,890,Open Box ·,,False,70
"GPU Graphics Video Card Visiontek Radeon 7870 2GB GDDR5 6M (6 x Mini DP), 900548",2800,Pre-Owned ·,741,False,
Nvidia Quadro FX4600 768MB GDDR3 PCIe x16 Graphics Card 3840 x 2400,4249,Pre-Owned ·,0,False,
MSI GEFORCE GTX 1060 GAMING X 3G GRAPHICS CARD | 3GB,5500,Pre-Owned ·,1166,False,
45 Degree + Extra GPU Addon Mount For Mining Rigs- Universal Design- Made In USA,1299,Brand New,0,True,16
NVIDIA Quadro M2200 4GB Video Graphics Card GPU Precision 7520 Dell 7024K,6998,Pre-Owned ·,,True,
MSI Radeon 550 2GT LP OC 2GB GDDR5 Graphics Card MPCIE1,4999,Pre-Owned ·,0,True,
GALAX  NVIDIA P104-100 8GB Mining GPU Black *FULLY TESTED* *NO DISPLAY PORTS*,3999,Pre-Owned ·,926,False,
Yeston Radeon RX550 4GB GDDR5 PCIExpress 3.0 Dual Slot 4*HDMI GPU Tested,6998,Pre-Owned ·,,True,
NVIDIA Tesla P40 24GB DDR5 PCI-E 3.0 x16 GPU Accelerator Graphics Card 1YR WNTY,28999,Very Good - Refurbished ·,0,True,70
NVIDIA Tesla V100 32GB HBM2 GPU Accelerator Card P/N: 699-2G503-0203-220 Tested,49999,Pre-Owned ·,0,True,
Nvidia CMP 50HX Dual Fan 220w Graphics Card 10 GB GPU Mining AI,9000,Pre-Owned ·,1492,False,
New ListingSAPPHIRE Nitro AMD Radeon RX 6700 XT 12GB GDDR6 gpu NO BOX,27500,Pre-Owned ·,637,False,
Zotac Titan 6GB GDDR5 Graphics Card 299-0K137-000Z8,6998,Pre-Owned ·,0,True,
Gigabyte GV-N75TOC-2GL GeForce 750 Ti 2GB GDDR5 PCIe GPU Tested,4999,Pre-Owned ·,0,True,
Leadtek WinFast RTX 3070 8GB Blower GPU OEM Server Workstation Tested,21999,Pre-Owned ·,0,False,
Gigabyte NVIDIA GeForce GTX 1080 8GB GDDR5X – Tested / Cleaned – HDMI + Display,9500,Pre-Owned ·,0,True,
Tesla NVIDIA P4 8GB P40 24GB K80 24GB M40 24GB P100 16GB GPU Card LOT,29045,Pre-Owned,1000,False,71
3D-Printed Adjustable GPU Support Stand for NVIDIA & Radeon Graphics Cards,999,Brand New ·,529,False,
Matrox C680-E4GBF 4GB GDDR5 6-Port Mini DisplayPort Graphics Video Card GPU,11997,Pre-Owned ·,,True,
VisionTek Radeon 7870 2GB Eyefinity 6 Graphics Card - 900548,2500,Pre-Owned ·,,False,
Asus Matrix 5870 Graphics Card 2Gb Gddr5 Overclocking Gaming Gpu High,32179,Pre-Owned ·,0,True,
Matrox M9188 M9188-E2048F 2GB DDR2 PCIe Graphics adapter x8 Mini Displayport,8500,Pre-Owned ·,3057,False,
"Xynsviu  Radeon R7 350 2G Graphics Card, GPU Support HDMI x6 Monitor Output -NEW",9600,Brand New ·,897,False,
Tested GOOD Gigabyte NVidia GeForce RTX 2070 8GB PCIe Graphics Video Card GPU,19999,Pre-Owned ·,1525,False,
Evga NVIDIA GeForce GTX 1080 8GB GDDR5X PCIe x16 GPU P/N: 08G-P4-6181-KR Tested,11000,Pre-Owned ·,2950,False,
ASUS NVIDIA GeForce GTX 970 4GB Graphics Card – Clean Pull From Gaming PC,6900,Pre-Owned ·,,False,
NVIDIA Tesla M10 32GB GDDR5 PCI-E GPU Accelerator Card 699-22405-0070-110,7798,Pre-Owned ·,,False,7
Dell Precision 7740 NVIDIA Quadro P3200 6 GB GDDR5 Laptop Graphics Card 8G6F0,4999,Pre-Owned ·,0,True,9
"Nvidia CMP 170HX 10GB HBM2 Mining GPU | 1yr Warranty, US Seller!",22997,Excellent - Refurbished,0,True,
For Parts MSI GeForce RTX 3050 AERO ITX 8GB OC GDDR6 Graphics Card GPU,9999,Parts Only ·,,False,
XFX GeForce 9500GT 512MB DDR2 PCI-E 2.0 x16 PV-T96G-YAR2 Low Profile DVI VGA,2000,Pre-Owned ·,0,False,
EVGA NVIDIA GeForce 8400 GS 460MB DDR3 PCI Express 2.0 x16 GPU HDMI VGA DVI,2499,Pre-Owned ·,0,True,
"AMD Radeon RX 580 4GB Reference GPU | 1yr Warranty, Fast Ship!",9997,Very Good - Refurbished ·,0,True,
New ListingAsus GeForce GTX 1060 6GB GDDR5 Graphics Card GTX-1060-03G,6998,Pre-Owned ·,0,True,
XFX Radeon RX550 2GB GDDR5 PCI-E Graphics Video Card DisplayPort DVI HDMI,4999,Pre-Owned ·,,False,
New NVIDIA Quadro K4000 3GB GDDR5 Graphics card PNY,9999,Brand New ·,0,True,
New ListingLenevo NVIDIA GeForce RTX 3060 8gb GDDR6,23499,Pre-Owned ·,919,False,
Nvidia Quadro FX4600 768MB GDDR3 PCIe x16 Graphics Card 3840 x 2400,4249,Pre-Owned ·,0,False,
Asus Matrix 5870 Graphics Card 2Gb Gddr5 Overclocking Gaming Gpu High,32179,Pre-Owned ·,0,True,
Verto GeForce FX PC Graphics Card Drivers CD Installation Disc  PNY,2000,Pre-Owned ·,795,False,
Matrox M9188 M9188-E2048F 2GB DDR2 PCIe Graphics adapter x8 Mini Displayport,8500,Pre-Owned ·,3057,False,
LOT OF 5 AMD FirePro V5900 2GB GDDR5 2x DisplayPort DVI GPU Graphics Card,6900,Pre-Owned ·,,False,
XFX Radeon R7 360 2GB GDDR5 PCI Express 3.0 R7-360P-2SF5 GPU Graphics Card,1788,Pre-Owned ·,1400,False,
"New NVIDIA H200 SXM5 141GB HBM3e AC GPU, Tensor Core, Deep Learning, Unused Open",3350000,Open Box ·,0,False,
Brand New In Box Nvidia Tesla P4 8GB GPU Graphics Card and Turbo Cooling Fan,8500,Open Box ·,500,False,162
Gigabyte Nvidia GeForce RTX 3070 Eagle OC 8GB DDR6 GPU Card GV-N3070EAGLE OC-8GD,25000,Pre-Owned ·,0,True,
New ListingNVIDIA  Quadro FX 380 UNTESTED GPU,2000,Pre-Owned ·,810,False,
XFX Radeon HD 5830 1GB GDDR5 Graphics Card GPU PCIe HDMI DisplayPort Dual DVI,2499,Pre-Owned,0,True,
HP NVIDIA Quadro P6000 24GB GDDR5 Graphics Video Card GPU,49998,Pre-Owned ·,,True,
GIGABYTE GEFORCE WINDFORCE OC RTX 5060 8GB GRAPHICS CARD GPU *BOX ONLY*,3400,Open Box ·,0,False,
Zotac Nvidia GeForce GTX 560 TI 1GB DDR5 Gaming GPU Card DVI HDMI PCI-E (NOS),5999,Open Box ·,1000,True,
NVIDIA Tesla M10 32GB GDDR5 Passive Dual Slot GPU Accelerator 900-22405-0000-000,9999,Pre-Owned ·,0,False,
ASUS NVIDIA GeForce GTX 760 3GB 192-BIT GDDR5 Video Card GPU GTX 760-3GD5,2500,Pre-Owned ·,757,False,
Gigabyte AMD Radeon RX 550 2GB GDDR5 Graphics Card GPU GV-RX550D5-2GD,4999,Pre-Owned ·,,True,
Graphics Card GPU Support Bracket: GPU Sag Bracket Video Card Stand GPU Holder G,817,Brand New ·,0,False,
EVGA NVIDIA GeForce GTX 1070 SC ACX 3.0Graphic Card GPU 08G-P4-6173-KR 8GB GDDR5,9000,Pre-Owned ·,0,False,
Heatsink for NVIDIA Tesla V100 SXM3 Graphics Card GPU Radiator NVLINK,4988,Pre-Owned ·,0,False,13
New ListingAMD Radeon RX 550 4GB GDDR5 Graphics Card for Gaming & Office PCs,4790,Pre-Owned ·,0,False,
Radeon X300SE 128MB PCIe Video Card 11038-35,1798,Pre-Owned ·,,False,
PNY NVIDIA NVS 310 512MB GDDR3 PCIe P/N: 699-52014-0502-112 Low Profile,1998,Pre-Owned ·,,False,
Dell 8G6F0 Precision 7530 7730 7740 Quadro P3200 6GB GDDR5 N18E-Q1-K1-A1 GPU,7498,Excellent - Refurbished ·,0,True,
DELL NVIDIA TESLA P100 16GB HBM2 Graphics Video Card GPU 699-2H400-0201,10499,Pre-Owned ·,,True,
Dell NVIDIA Tesla M2090 6GB GDDR5 PCIe GPU Accelerator Graphics Card D0P86,3499,Brand New ·,0,True,
AMD Radeon V346 109-D03957-00A-02 2GB GDDR5  Graphics Card,2500,Pre-Owned ·,0,True,
Dell NVIDIA GeForce GT 530 1GB DDR3 HDMI DVI VGA High Profile GPU FH75P,2499,Pre-Owned ·,0,False,
AMD FirePro W4300 4GB GDDR5 Graphics Card 102C9350300 | GPU363*,3999,Pre-Owned ·,,True,
ATI 102B4360101 FirePro MV 2450 512MB PCI-e Dual VHDCI GDDR3 Graphics Card-USED,787,Pre-Owned ·,0,True,
HP OEM NVIDIA GeForce RTX 3060 Ti 8GB Tested Working GPU Graphics Card,20999,Pre-Owned ·,,False,
Gigabyte NVIDIA GeForce GTX 1080 8GB GDDR5X – Tested / Cleaned – HDMI + Display,9500,Pre-Owned ·,0,True,
MSI 408x series GPU Support Bracket (E22 v388041 c22) Anti-Sag Support for GPU,1000,Brand New ·,,False,
IBM nVidia Quadro K4000 GPU 3GB GDDR5 PCIe x16  2.0 x16 Video Card 03T8312,1998,Pre-Owned ·,899,True,
MSI AMD Radeon RX 570 Armor 8GB GDDR5 OC V341 Version 2.2 Graphics Card GPU,6498,Pre-Owned ·,1199,False,
Graphics Card GPU Support Bracket: GPU Sag Bracket Video Card Stand GPU Holder G,878,Brand New,,True,
NVIDIA GeForce GTX 1050  GRAPHICS CARD,5000,Pre-Owned ·,500,False,
ATI Radeon X1800 XT 256MB PCIE GPU,4000,Pre-Owned ·,2000,False,
Nvidia Tesla P4 8GB GPU Card graphics GDDR5 Supermicro PCI-E US Seller,11178,Open Box ·,0,False,86
HP Quadro NVS 450 512MB GDDR3 4x DisplayPort GPU Video Graphics Card 492187-001,1998,Pre-Owned ·,0,False,
XFX Radeon RX 460 4GB GDDR5 Graphics Card - Dual Fan 1080p Gaming GPU,5799,Pre-Owned ·,,False,
GT 730 4GB GDDR3 Graphics Card 4 HDMI PCIe 64-bit Multi Monitor GPU,5400,Brand New ·,0,False,
Dell 0FH86 KH276 0KH276 Sil 1364A ADD2-N PCIe DVI-D Full Height GPU,1399,Pre-Owned ·,0,True,
New Nvidia NVLink Bridge 3-Slot 3090 A5000 A5500 A6000 900-53669-0000-000 P3669,35900,Brand New ·,0,True,
ASUS NVIDIA P106-100 Mining GPU 6GB GDDR5 TESTED | WORKING USA,6200,Pre-Owned ·,0,False,
